Name,HELM,Y2R_EC50_nM,HalfLife_h,pEC50_Y2R,Group,PYY_pos,Protractor
PYY3-36-ref,PEPTIDE1{I.K.P.E.A.P.G.E.D.A.S.P.E.E.L.N.R.Y.Y.A.S.L.R.H.Y.L.N.L.V.T.R.Q.R.Y}$$$$V2.0,0.6,,9.22,ref,,none
Analog_01-posNa,"PEPTIDE1{I.K.P.E.A.P.G.E.D.A.S.P.E.E.L.N.R.Y.Y.A.S.L.R.H.Y.L.N.L.V.T.R.Q.R.Y}|PEPTIDE2{[gGlu].[Ado].[Ado].[C18d]}$PEPTIDE2,PEPTIDE1,1:R1-1:R1$$V2.0",10,17,8.00,A,Na,C18d-gGlu-2xAdo
Analog_02-pos4,"PEPTIDE1{I.K.P.E.A.P.G.E.D.A.S.P.E.E.L.N.R.Y.Y.A.S.L.R.H.Y.L.N.L.V.T.R.Q.R.Y}|PEPTIDE2{[gGlu].[Ado].[Ado].[C18d]}$PEPTIDE2,PEPTIDE1,1:R1-2:R3$$V2.0",25,14,7.60,A,4,C18d-gGlu-2xAdo
Analog_03-pos5,"PEPTIDE1{I.K.K.E.A.P.G.E.D.A.S.P.E.E.L.N.R.Y.Y.A.S.L.R.H.Y.L.N.L.V.T.R.Q.R.Y}|PEPTIDE2{[gGlu].[Ado].[Ado].[C18d]}$PEPTIDE2,PEPTIDE1,1:R1-3:R3$$V2.0",25,8.8,7.60,A,5,C18d-gGlu-2xAdo
Analog_04-pos6,"PEPTIDE1{I.K.P.K.A.P.G.E.D.A.S.P.E.E.L.N.R.Y.Y.A.S.L.R.H.Y.L.N.L.V.T.R.Q.R.Y}|PEPTIDE2{[gGlu].[Ado].[Ado].[C18d]}$PEPTIDE2,PEPTIDE1,1:R1-4:R3$$V2.0",7.9,7.2,8.10,A,6,C18d-gGlu-2xAdo
Analog_05-pos7,"PEPTIDE1{I.K.P.E.K.P.G.E.D.A.S.P.E.E.L.N.R.Y.Y.A.S.L.R.H.Y.L.N.L.V.T.R.Q.R.Y}|PEPTIDE2{[gGlu].[Ado].[Ado].[C18d]}$PEPTIDE2,PEPTIDE1,1:R1-5:R3$$V2.0",2.0,11,8.70,A,7,C18d-gGlu-2xAdo
Analog_06-pos8,"PEPTIDE1{I.K.P.E.A.K.G.E.D.A.S.P.E.E.L.N.R.Y.Y.A.S.L.R.H.Y.L.N.L.V.T.R.Q.R.Y}|PEPTIDE2{[gGlu].[Ado].[Ado].[C18d]}$PEPTIDE2,PEPTIDE1,1:R1-6:R3$$V2.0",40,5.9,7.40,A,8,C18d-gGlu-2xAdo
Analog_07-pos9,"PEPTIDE1{I.K.P.E.A.P.K.E.D.A.S.P.E.E.L.N.R.Y.Y.A.S.L.R.H.Y.L.N.L.V.T.R.Q.R.Y}|PEPTIDE2{[gGlu].[Ado].[Ado].[C18d]}$PEPTIDE2,PEPTIDE1,1:R1-7:R3$$V2.0",13,12,7.89,A,9,C18d-gGlu-2xAdo
Analog_08-pos10,"PEPTIDE1{I.K.P.E.A.P.G.K.D.A.S.P.E.E.L.N.R.Y.Y.A.S.L.R.H.Y.L.N.L.V.T.R.Q.R.Y}|PEPTIDE2{[gGlu].[Ado].[Ado].[C18d]}$PEPTIDE2,PEPTIDE1,1:R1-8:R3$$V2.0",1.3,8.4,8.89,A,10,C18d-gGlu-2xAdo
Analog_09-pos11,"PEPTIDE1{I.K.P.E.A.P.G.E.K.A.S.P.E.E.L.N.R.Y.Y.A.S.L.R.H.Y.L.N.L.V.T.R.Q.R.Y}|PEPTIDE2{[gGlu].[Ado].[Ado].[C18d]}$PEPTIDE2,PEPTIDE1,1:R1-9:R3$$V2.0",5.0,11,8.30,A,11,C18d-gGlu-2xAdo
Analog_10-pos12,"PEPTIDE1{I.K.P.E.A.P.G.E.D.K.S.P.E.E.L.N.R.Y.Y.A.S.L.R.H.Y.L.N.L.V.T.R.Q.R.Y}|PEPTIDE2{[gGlu].[Ado].[Ado].[C18d]}$PEPTIDE2,PEPTIDE1,1:R1-10:R3$$V2.0",16,15,7.80,A,12,C18d-gGlu-2xAdo
Analog_11-pos13,"PEPTIDE1{I.K.P.E.A.P.G.E.D.A.K.P.E.E.L.N.R.Y.Y.A.S.L.R.H.Y.L.N.L.V.T.R.Q.R.Y}|PEPTIDE2{[gGlu].[Ado].[Ado].[C18d]}$PEPTIDE2,PEPTIDE1,1:R1-11:R3$$V2.0",32,13,7.49,A,13,C18d-gGlu-2xAdo
Analog_12-pos14,"PEPTIDE1{I.K.P.E.A.P.G.E.D.A.S.K.E.E.L.N.R.Y.Y.A.S.L.R.H.Y.L.N.L.V.T.R.Q.R.Y}|PEPTIDE2{[gGlu].[Ado].[Ado].[C18d]}$PEPTIDE2,PEPTIDE1,1:R1-12:R3$$V2.0",4.0,11,8.40,A,14,C18d-gGlu-2xAdo
Analog_13-pos15,"PEPTIDE1{I.K.P.E.A.P.G.E.D.A.S.P.K.E.L.N.R.Y.Y.A.S.L.R.H.Y.L.N.L.V.T.R.Q.R.Y}|PEPTIDE2{[gGlu].[Ado].[Ado].[C18d]}$PEPTIDE2,PEPTIDE1,1:R1-13:R3$$V2.0",10,8.8,8.00,A,15,C18d-gGlu-2xAdo
Analog_14-pos16,"PEPTIDE1{I.K.P.E.A.P.G.E.D.A.S.P.E.K.L.N.R.Y.Y.A.S.L.R.H.Y.L.N.L.V.T.R.Q.R.Y}|PEPTIDE2{[gGlu].[Ado].[Ado].[C18d]}$PEPTIDE2,PEPTIDE1,1:R1-14:R3$$V2.0",20,17,7.70,A,16,C18d-gGlu-2xAdo
Analog_15-pos17,"PEPTIDE1{I.K.P.E.A.P.G.E.D.A.S.P.E.E.K.N.R.Y.Y.A.S.L.R.H.Y.L.N.L.V.T.R.Q.R.Y}|PEPTIDE2{[gGlu].[Ado].[Ado].[C18d]}$PEPTIDE2,PEPTIDE1,1:R1-15:R3$$V2.0",5.0,39,8.30,A,17,C18d-gGlu-2xAdo
Analog_16-pos18,"PEPTIDE1{I.K.P.E.A.P.G.E.D.A.S.P.E.E.L.K.R.Y.Y.A.S.L.R.H.Y.L.N.L.V.T.R.Q.R.Y}|PEPTIDE2{[gGlu].[Ado].[Ado].[C18d]}$PEPTIDE2,PEPTIDE1,1:R1-16:R3$$V2.0",7.9,22,8.10,A,18,C18d-gGlu-2xAdo
Analog_17-pos19,"PEPTIDE1{I.K.P.E.A.P.G.E.D.A.S.P.E.E.L.N.K.Y.Y.A.S.L.R.H.Y.L.N.L.V.T.R.Q.R.Y}|PEPTIDE2{[gGlu].[Ado].[Ado].[C18d]}$PEPTIDE2,PEPTIDE1,1:R1-17:R3$$V2.0",4.0,29,8.40,A,19,C18d-gGlu-2xAdo
Analog_18-pos20,"PEPTIDE1{I.K.P.E.A.P.G.E.D.A.S.P.E.E.L.N.R.K.Y.A.S.L.R.H.Y.L.N.L.V.T.R.Q.R.Y}|PEPTIDE2{[gGlu].[Ado].[Ado].[C18d]}$PEPTIDE2,PEPTIDE1,1:R1-18:R3$$V2.0",20,33,7.70,A,20,C18d-gGlu-2xAdo
Analog_19-pos21,"PEPTIDE1{I.K.P.E.A.P.G.E.D.A.S.P.E.E.L.N.R.Y.K.A.S.L.R.H.Y.L.N.L.V.T.R.Q.R.Y}|PEPTIDE2{[gGlu].[Ado].[Ado].[C18d]}$PEPTIDE2,PEPTIDE1,1:R1-19:R3$$V2.0",4.0,34,8.40,A,21,C18d-gGlu-2xAdo
Analog_20-pos22,"PEPTIDE1{I.K.P.E.A.P.G.E.D.A.S.P.E.E.L.N.R.Y.Y.K.S.L.R.H.Y.L.N.L.V.T.R.Q.R.Y}|PEPTIDE2{[gGlu].[Ado].[Ado].[C18d]}$PEPTIDE2,PEPTIDE1,1:R1-20:R3$$V2.0",2.0,36,8.70,A,22,C18d-gGlu-2xAdo
Analog_21-pos23,"PEPTIDE1{I.K.P.E.A.P.G.E.D.A.S.P.E.E.L.N.R.Y.Y.A.K.L.R.H.Y.L.N.L.V.T.R.Q.R.Y}|PEPTIDE2{[gGlu].[Ado].[Ado].[C18d]}$PEPTIDE2,PEPTIDE1,1:R1-21:R3$$V2.0",13,19,7.89,A,23,C18d-gGlu-2xAdo
Analog_22-pos24,"PEPTIDE1{I.K.P.E.A.P.G.E.D.A.S.P.E.E.L.N.R.Y.Y.A.S.K.R.H.Y.L.N.L.V.T.R.Q.R.Y}|PEPTIDE2{[gGlu].[Ado].[Ado].[C18d]}$PEPTIDE2,PEPTIDE1,1:R1-22:R3$$V2.0",50,66,7.30,A,24,C18d-gGlu-2xAdo
Analog_23-pos25,"PEPTIDE1{I.K.P.E.A.P.G.E.D.A.S.P.E.E.L.N.R.Y.Y.A.S.L.K.H.Y.L.N.L.V.T.R.Q.R.Y}|PEPTIDE2{[gGlu].[Ado].[Ado].[C18d]}$PEPTIDE2,PEPTIDE1,1:R1-23:R3$$V2.0",79,55,7.10,A,25,C18d-gGlu-2xAdo
Analog_24-pos26,"PEPTIDE1{I.K.P.E.A.P.G.E.D.A.S.P.E.E.L.N.R.Y.Y.A.S.L.R.K.Y.L.N.L.V.T.R.Q.R.Y}|PEPTIDE2{[gGlu].[Ado].[Ado].[C18d]}$PEPTIDE2,PEPTIDE1,1:R1-24:R3$$V2.0",40,41,7.40,A,26,C18d-gGlu-2xAdo
Analog_25-pos27,"PEPTIDE1{I.K.P.E.A.P.G.E.D.A.S.P.E.E.L.N.R.Y.Y.A.S.L.R.H.K.L.N.L.V.T.R.Q.R.Y}|PEPTIDE2{[gGlu].[Ado].[Ado].[C18d]}$PEPTIDE2,PEPTIDE1,1:R1-25:R3$$V2.0",32,52,7.49,A,27,C18d-gGlu-2xAdo
Analog_26-pos28,"PEPTIDE1{I.K.P.E.A.P.G.E.D.A.S.P.E.E.L.N.R.Y.Y.A.S.L.R.H.Y.K.N.L.V.T.R.Q.R.Y}|PEPTIDE2{[gGlu].[Ado].[Ado].[C18d]}$PEPTIDE2,PEPTIDE1,1:R1-26:R3$$V2.0",32,62,7.49,A,28,C18d-gGlu-2xAdo
Analog_27-pos29,"PEPTIDE1{I.K.P.E.A.P.G.E.D.A.S.P.E.E.L.N.R.Y.Y.A.S.L.R.H.Y.L.K.L.V.T.R.Q.R.Y}|PEPTIDE2{[gGlu].[Ado].[Ado].[C18d]}$PEPTIDE2,PEPTIDE1,1:R1-27:R3$$V2.0",500,39,6.30,A,29,C18d-gGlu-2xAdo
Analog_28-pos30,"PEPTIDE1{I.K.P.E.A.P.G.E.D.A.S.P.E.E.L.N.R.Y.Y.A.S.L.R.H.Y.L.N.K.V.T.R.Q.R.Y}|PEPTIDE2{[gGlu].[Ado].[Ado].[C18d]}$PEPTIDE2,PEPTIDE1,1:R1-28:R3$$V2.0",5.0,76,8.30,A,30,C18d-gGlu-2xAdo
Analog_29-pos31,"PEPTIDE1{I.K.P.E.A.P.G.E.D.A.S.P.E.E.L.N.R.Y.Y.A.S.L.R.H.Y.L.N.L.K.T.R.Q.R.Y}|PEPTIDE2{[gGlu].[Ado].[Ado].[C18d]}$PEPTIDE2,PEPTIDE1,1:R1-29:R3$$V2.0",79,75,7.10,A,31,C18d-gGlu-2xAdo
Analog_30-pos32,"PEPTIDE1{I.K.P.E.A.P.G.E.D.A.S.P.E.E.L.N.R.Y.Y.A.S.L.R.H.Y.L.N.L.V.K.R.Q.R.Y}|PEPTIDE2{[gGlu].[Ado].[Ado].[C18d]}$PEPTIDE2,PEPTIDE1,1:R1-30:R3$$V2.0",50,49,7.30,A,32,C18d-gGlu-2xAdo
Analog_31-pos33,"PEPTIDE1{I.K.P.E.A.P.G.E.D.A.S.P.E.E.L.N.R.Y.Y.A.S.L.R.H.Y.L.N.L.V.T.K.Q.R.Y}|PEPTIDE2{[gGlu].[Ado].[Ado].[C18d]}$PEPTIDE2,PEPTIDE1,1:R1-31:R3$$V2.0",,56,,A,33,C18d-gGlu-2xAdo
Analog_32-pos34,"PEPTIDE1{I.K.P.E.A.P.G.E.D.A.S.P.E.E.L.N.R.Y.Y.A.S.L.R.H.Y.L.N.L.V.T.R.K.R.Y}|PEPTIDE2{[gGlu].[Ado].[Ado].[C18d]}$PEPTIDE2,PEPTIDE1,1:R1-32:R3$$V2.0",,30,,A,34,C18d-gGlu-2xAdo
Analog_33-pos35,"PEPTIDE1{I.K.P.E.A.P.G.E.D.A.S.P.E.E.L.N.R.Y.Y.A.S.L.R.H.Y.L.N.L.V.T.R.Q.K.Y}|PEPTIDE2{[gGlu].[Ado].[Ado].[C18d]}$PEPTIDE2,PEPTIDE1,1:R1-33:R3$$V2.0",,67,,A,35,C18d-gGlu-2xAdo
Analog_34-C14d-gGlu-2xAdo,"PEPTIDE1{I.K.P.E.A.P.G.E.D.A.S.P.E.E.L.N.R.Y.Y.A.S.L.R.H.Y.L.N.L.V.T.R.Q.R.Y}|PEPTIDE2{[gGlu].[Ado].[Ado].[C14d]}$PEPTIDE2,PEPTIDE1,1:R1-28:R3$$V2.0",,4,,B,30,C14d-gGlu-2xAdo
Analog_35-C16d-gGlu-2xAdo,"PEPTIDE1{I.K.P.E.A.P.G.E.D.A.S.P.E.E.L.N.R.Y.Y.A.S.L.R.H.Y.L.N.L.V.T.R.Q.R.Y}|PEPTIDE2{[gGlu].[Ado].[Ado].[C16d]}$PEPTIDE2,PEPTIDE1,1:R1-28:R3$$V2.0",,28,,B,30,C16d-gGlu-2xAdo
Analog_36-C20d-gGlu-2xAdo,"PEPTIDE1{I.K.P.E.A.P.G.E.D.A.S.P.E.E.L.N.R.Y.Y.A.S.L.R.H.Y.L.N.L.V.T.R.Q.R.Y}|PEPTIDE2{[gGlu].[Ado].[Ado].[C20d]}$PEPTIDE2,PEPTIDE1,1:R1-28:R3$$V2.0",,99,,B,30,C20d-gGlu-2xAdo
Analog_37-C14d-2xAdo,"PEPTIDE1{I.K.P.E.A.P.G.E.D.A.S.P.E.E.L.N.R.Y.Y.A.S.L.R.H.Y.L.N.L.V.T.R.Q.R.Y}|PEPTIDE2{[Ado].[Ado].[C14d]}$PEPTIDE2,PEPTIDE1,1:R1-28:R3$$V2.0",,2,,B,30,C14d-2xAdo
Analog_38-C16d-2xAdo,"PEPTIDE1{I.K.P.E.A.P.G.E.D.A.S.P.E.E.L.N.R.Y.Y.A.S.L.R.H.Y.L.N.L.V.T.R.Q.R.Y}|PEPTIDE2{[Ado].[Ado].[C16d]}$PEPTIDE2,PEPTIDE1,1:R1-28:R3$$V2.0",,4,,B,30,C16d-2xAdo
Analog_39-C18d-2xAdo,"PEPTIDE1{I.K.P.E.A.P.G.E.D.A.S.P.E.E.L.N.R.Y.Y.A.S.L.R.H.Y.L.N.L.V.T.R.Q.R.Y}|PEPTIDE2{[Ado].[Ado].[C18d]}$PEPTIDE2,PEPTIDE1,1:R1-28:R3$$V2.0",,13,,B,30,C18d-2xAdo
Analog_40-C20d-2xAdo,"PEPTIDE1{I.K.P.E.A.P.G.E.D.A.S.P.E.E.L.N.R.Y.Y.A.S.L.R.H.Y.L.N.L.V.T.R.Q.R.Y}|PEPTIDE2{[Ado].[Ado].[C20d]}$PEPTIDE2,PEPTIDE1,1:R1-28:R3$$V2.0",,20,,B,30,C20d-2xAdo
Analog_41-C18d-gGlu-noAdo,"PEPTIDE1{I.K.P.E.A.P.G.E.D.A.S.P.E.E.L.N.R.Y.Y.A.S.L.R.H.Y.L.N.L.V.T.R.Q.R.Y}|PEPTIDE2{[gGlu].[C18d]}$PEPTIDE2,PEPTIDE1,1:R1-28:R3$$V2.0",,97,,B,30,C18d-gGlu-noAdo
Analog_42-C18d-gGlu-4xAdo,"PEPTIDE1{I.K.P.E.A.P.G.E.D.A.S.P.E.E.L.N.R.Y.Y.A.S.L.R.H.Y.L.N.L.V.T.R.Q.R.Y}|PEPTIDE2{[gGlu].[Ado].[Ado].[Ado].[Ado].[C18d]}$PEPTIDE2,PEPTIDE1,1:R1-28:R3$$V2.0",,75,,B,30,C18d-gGlu-4xAdo
Analog_43-C18d-gGlu-6xAdo,"PEPTIDE1{I.K.P.E.A.P.G.E.D.A.S.P.E.E.L.N.R.Y.Y.A.S.L.R.H.Y.L.N.L.V.T.R.Q.R.Y}|PEPTIDE2{[gGlu].[Ado].[Ado].[Ado].[Ado].[Ado].[Ado].[C18d]}$PEPTIDE2,PEPTIDE1,1:R1-28:R3$$V2.0",,78,,B,30,C18d-gGlu-6xAdo
Analog_44-C16mono-gGlu-2xAdo,"PEPTIDE1{I.K.P.E.A.P.G.E.D.A.S.P.E.E.L.N.R.Y.Y.A.S.L.R.H.Y.L.N.L.V.T.R.Q.R.Y}|PEPTIDE2{[gGlu].[Ado].[Ado].[C16m]}$PEPTIDE2,PEPTIDE1,1:R1-28:R3$$V2.0",,0.5,,B,30,C16mono-gGlu-2xAdo
Analog_45-meArg35-Lys4,"PEPTIDE1{I.K.P.E.A.P.G.E.D.A.S.P.E.E.L.N.R.Y.Y.A.S.L.R.H.Y.L.N.L.V.T.R.Q.meR.Y}|PEPTIDE2{[gGlu].[Ado].[Ado].[C18d]}$PEPTIDE2,PEPTIDE1,1:R1-2:R3$$V2.0",,83,,C,4,C18d-gGlu-2xAdo
Analog_46-Ala4-Lys30,"PEPTIDE1{I.A.P.E.A.P.G.E.D.A.S.P.E.E.L.N.R.Y.Y.A.S.L.R.H.Y.L.N.K.V.T.R.Q.R.Y}|PEPTIDE2{[gGlu].[Ado].[Ado].[C18d]}$PEPTIDE2,PEPTIDE1,1:R1-28:R3$$V2.0",,84,,C,30,C18d-gGlu-2xAdo
Analog_47-Arg4-Lys30,"PEPTIDE1{I.R.P.E.A.P.G.E.D.A.S.P.E.E.L.N.R.Y.Y.A.S.L.R.H.Y.L.N.K.V.T.R.Q.R.Y}|PEPTIDE2{[gGlu].[Ado].[Ado].[C18d]}$PEPTIDE2,PEPTIDE1,1:R1-28:R3$$V2.0",,62,,C,30,C18d-gGlu-2xAdo
Analog_48-Asp18-Lys30,"PEPTIDE1{I.K.P.E.A.P.G.E.D.A.S.P.E.E.L.D.R.Y.Y.A.S.L.R.H.Y.L.N.K.V.T.R.Q.R.Y}|PEPTIDE2{[gGlu].[Ado].[Ado].[C18d]}$PEPTIDE2,PEPTIDE1,1:R1-28:R3$$V2.0",,104,,C,30,C18d-gGlu-2xAdo
Analog_49-AcI-Ala4-Lys30,"PEPTIDE1{AcI.A.P.E.A.P.G.E.D.A.S.P.E.E.L.N.R.Y.Y.A.S.L.R.H.Y.L.N.K.V.T.R.Q.R.Y}|PEPTIDE2{[gGlu].[Ado].[Ado].[C18d]}$PEPTIDE2,PEPTIDE1,1:R1-28:R3$$V2.0",,113,,C,30,C18d-gGlu-2xAdo
Analog_50-AcI-Arg4-Lys30,"PEPTIDE1{AcI.R.P.E.A.P.G.E.D.A.S.P.E.E.L.N.R.Y.Y.A.S.L.R.H.Y.L.N.K.V.T.R.Q.R.Y}|PEPTIDE2{[gGlu].[Ado].[Ado].[C18d]}$PEPTIDE2,PEPTIDE1,1:R1-28:R3$$V2.0",,120,,C,30,C18d-gGlu-2xAdo
Analog_51-AcI-Ala4-Asp18-Lys30,"PEPTIDE1{AcI.A.P.E.A.P.G.E.D.A.S.P.E.E.L.D.R.Y.Y.A.S.L.R.H.Y.L.N.K.V.T.R.Q.R.Y}|PEPTIDE2{[gGlu].[Ado].[Ado].[C18d]}$PEPTIDE2,PEPTIDE1,1:R1-28:R3$$V2.0",,114,,C,30,C18d-gGlu-2xAdo
Analog_52-Arg4-Gln18-Lys30,"PEPTIDE1{I.R.P.E.A.P.G.E.D.A.S.P.E.E.L.Q.R.Y.Y.A.S.L.R.H.Y.L.N.K.V.T.R.Q.R.Y}|PEPTIDE2{[gGlu].[Ado].[Ado].[C18d]}$PEPTIDE2,PEPTIDE1,1:R1-28:R3$$V2.0",4.0,78,8.40,C,30,C18d-gGlu-2xAdo
